key,issue,phase,kind,state,merged,run_conclusion,run_attempts,run_seconds,issue_to_close_s,pr_additions,pr_deletions,pr_files,pr_commits,review_rounds,review_rounds_with_findings,conflict_detected,conflict_resolved,conflict_unresolved,tests,merge_retries,agent_admitted_not_running_tests,comments,human_handoff,automerged
E01,140,core,normal,CLOSED,True,success,1,107.0,110.0,23,0,4,1,1,0,False,False,False,none,0,False,10,False,True
F01,142,fix,fix,CLOSED,True,success,1,108.0,103.0,8,0,1,1,1,0,False,False,False,pass,0,True,10,False,True
E02,144,core,normal,CLOSED,True,success,1,217.0,210.0,159,0,3,4,2,2,True,True,False,pass,0,True,13,False,True
E03,145,core,normal,CLOSED,True,success,1,272.0,266.0,39,0,3,2,1,0,True,True,False,pass,0,True,12,False,True
E04,146,core,normal,CLOSED,True,success,1,173.0,167.0,194,1,3,2,2,1,False,False,False,pass,0,True,11,False,True
E05,150,core,normal,CLOSED,True,success,1,114.0,107.0,82,0,3,1,1,0,False,False,False,pass,0,True,10,False,True
E06,151,core,normal,OPEN,False,success,1,239.0,,128,0,3,4,2,2,True,True,False,pass,0,False,13,True,False
E07,152,core,normal,CLOSED,True,success,1,219.0,214.0,109,0,3,4,2,2,True,True,False,pass,0,False,13,False,True
E08,156,core,normal,CLOSED,True,success,1,115.0,109.0,83,0,3,1,1,0,False,False,False,pass,0,True,10,False,True
E09,157,core,normal,CLOSED,True,success,1,214.0,207.0,120,0,3,3,2,1,True,True,False,pass,0,True,13,False,True
E10,158,core,normal,CLOSED,True,success,1,195.0,189.0,115,0,3,3,2,1,False,False,False,pass,0,False,11,False,True
E11,162,heal,normal,CLOSED,True,success,1,141.0,135.0,118,0,4,1,1,0,False,False,False,pass,0,True,10,False,True
E12,163,heal,normal,CLOSED,True,success,1,231.0,225.0,131,0,3,3,2,1,True,True,False,pass,0,False,13,False,True
E13,166,heal,normal,CLOSED,True,success,1,226.0,221.0,88,1,3,3,2,1,False,False,False,pass,0,False,11,False,True
E14,167,heal,normal,CLOSED,True,success,1,202.0,195.0,116,0,3,3,2,1,True,True,False,pass,0,True,13,False,True
E15,168,heal,normal,CLOSED,True,success,1,134.0,128.0,182,0,3,1,1,0,False,False,False,pass,0,False,10,False,True
E16,172,heal,normal,OPEN,False,success,1,125.0,,88,1,4,1,1,0,False,False,False,pass,0,True,10,True,False
E17,173,heal,normal,OPEN,False,success,1,130.0,,105,0,3,1,1,0,False,False,False,pass,0,True,10,True,False
E18,174,heal,normal,CLOSED,True,success,1,117.0,113.0,87,0,3,1,1,0,False,False,False,pass,0,True,10,False,True
E19,178,heal,normal,CLOSED,True,success,1,218.0,212.0,225,0,3,2,2,1,False,False,False,pass,0,True,11,False,True
E20,179,heal,normal,CLOSED,True,success,1,244.0,238.0,265,5,5,3,2,1,False,False,False,pass,0,False,11,False,True
E21,182,improve,normal,CLOSED,True,success,1,203.0,197.0,102,1,3,3,2,1,True,True,False,pass,0,False,13,False,True
E22,183,improve,normal,CLOSED,True,success,1,128.0,123.0,82,0,3,1,1,0,False,False,False,pass,0,True,10,False,True
E23,184,improve,normal,OPEN,False,success,1,201.0,,164,0,3,3,2,1,True,True,False,pass,0,True,13,True,False
F02,188,fix,fix,CLOSED,True,success,1,281.0,273.0,44,3,1,4,2,2,False,False,False,fail,0,False,11,True,True
F03,189,fix,fix,CLOSED,True,success,1,123.0,116.0,1,1,1,1,1,0,False,False,False,fail,0,True,10,False,True
E24,190,improve,normal,CLOSED,True,success,1,279.0,271.0,145,0,3,4,2,2,False,False,False,fail,0,False,11,False,True
E25,191,improve,normal,CLOSED,True,success,1,310.0,304.0,101,0,3,4,2,2,True,True,False,fail,0,False,13,False,True
E26,192,improve,normal,CLOSED,True,success,1,190.0,183.0,91,0,3,3,2,1,False,False,False,fail,0,False,11,False,True
E27,198,improve,normal,CLOSED,True,success,3,244.0,4295.0,169,0,3,3,2,1,True,True,False,fail,0,True,14,False,True
E28,199,improve,normal,CLOSED,True,success,3,142.0,4192.0,95,0,3,2,1,0,True,True,False,fail,0,True,13,False,True
E29,200,improve,normal,CLOSED,True,success,3,316.0,4000.0,240,0,3,4,2,2,False,False,False,fail,0,True,12,False,True
F04,201,fix,fix,CLOSED,True,success,3,254.0,3899.0,18,9,3,4,2,2,False,False,False,pass,0,True,13,False,True
F05,202,fix,fix,CLOSED,True,success,1,213.0,205.0,32,8,1,3,2,2,False,False,False,fail,0,False,11,False,True
E30,208,improve,normal,CLOSED,True,success,1,311.0,306.0,126,0,3,4,2,2,True,True,False,fail,0,False,13,False,True
E31,209,optimize,normal,CLOSED,True,success,1,117.0,113.0,67,0,3,1,1,0,False,False,False,fail,0,True,10,False,True
E32,212,optimize,normal,CLOSED,True,success,1,270.0,262.0,164,0,3,3,2,2,False,False,False,fail,0,False,11,False,True
E33,213,optimize,normal,CLOSED,True,success,1,416.0,412.0,192,0,3,4,2,2,False,False,False,fail,1,False,12,False,True
E34,216,optimize,normal,CLOSED,True,success,1,122.0,115.0,91,0,3,1,1,0,False,False,False,fail,0,False,10,False,True
E35,217,optimize,normal,CLOSED,True,success,1,232.0,226.0,158,0,3,3,2,1,True,True,False,fail,0,False,13,False,True
E36,220,optimize,normal,CLOSED,True,success,1,212.0,206.0,227,0,3,2,2,1,False,False,False,fail,0,False,11,False,True
E37,221,optimize,normal,CLOSED,True,success,1,290.0,283.0,147,0,3,4,2,2,True,True,False,fail,0,False,13,False,True
E38,224,optimize,normal,CLOSED,True,success,1,274.0,268.0,87,0,3,2,1,0,False,False,False,fail,1,False,11,False,True
E39,225,optimize,normal,CLOSED,True,success,1,129.0,123.0,122,0,3,1,1,0,False,False,False,fail,0,True,10,False,True
E40,228,optimize,normal,CLOSED,True,success,1,349.0,341.0,303,1,7,3,2,2,False,False,False,fail,0,False,11,False,True
E41,230,measure,normal,CLOSED,True,success,1,285.0,280.0,117,0,3,2,1,0,False,False,False,fail,1,True,11,False,True
E42,231,measure,normal,CLOSED,True,success,1,130.0,123.0,89,0,3,1,1,0,False,False,False,fail,0,True,10,False,True
E43,234,measure,normal,CLOSED,True,success,1,291.0,286.0,187,0,3,4,2,2,True,True,False,fail,0,False,13,False,True
E44,235,measure,normal,CLOSED,True,success,1,207.0,203.0,136,2,5,2,2,1,False,False,False,fail,0,False,11,False,True
E45,238,measure,normal,CLOSED,True,success,1,170.0,162.0,45,0,2,2,2,1,False,False,False,fail,0,False,11,False,True
E46,239,trap,trap,CLOSED,True,success,1,182.0,171.0,33,2,2,2,2,1,False,False,False,fail,0,False,11,False,True
E47,242,trap,trap,CLOSED,True,success,1,106.0,100.0,17,1,2,1,1,0,False,False,False,fail,0,True,10,False,True
E48,244,trap,trap,CLOSED,True,success,1,154.0,149.0,57,1,2,2,2,1,False,False,False,fail,0,False,11,False,True
E49,245,trap,trap,CLOSED,True,success,1,543.0,538.0,69,2,2,3,2,1,True,True,False,fail,0,False,13,False,True
E50,248,trap,trap,CLOSED,True,success,1,173.0,167.0,58,6,2,2,2,1,False,False,False,fail,0,False,11,False,True
R01,250,fix,refile,CLOSED,True,success,1,170.0,161.0,125,0,3,2,2,1,False,False,False,fail,0,True,11,False,True
R02,252,fix,refile,CLOSED,True,success,1,173.0,164.0,135,1,4,2,2,1,False,False,False,fail,0,True,11,False,True
R03,254,fix,refile,CLOSED,True,success,1,185.0,179.0,106,0,3,2,2,1,False,False,False,fail,0,True,11,False,True
F06,256,fix,fix,CLOSED,True,success,1,124.0,117.0,2,2,2,1,1,0,False,False,False,pass,0,False,10,False,True
R04,258,fix,refile,CLOSED,True,success,1,236.0,232.0,169,0,3,3,2,2,False,False,False,fail,0,True,11,False,True
F07,260,fix,fix,CLOSED,True,success,1,168.0,163.0,74,0,1,2,2,1,False,False,False,fail,0,False,11,False,True
F08,261,fix,fix,CLOSED,True,success,1,156.0,148.0,18,2,2,2,2,1,False,False,False,fail,0,False,11,False,True
X01,265,fix,drill,CLOSED,True,success,1,144.0,137.0,6,0,1,2,2,2,False,False,False,fail,0,False,11,False,True
